interfaceType_ID,field,country,area,term,actionIndicator,validation,createdAt,createdBy,modifiedAt,modifiedBy,config_ID,config_tableName
1,companyCode,*,ZWMS,*,*,M,,,,,cc922c41-2cf3-4285-9f91-50ab0b191b6c,FV
1,contractNo,*,ZWMS,*,*,M,,,,,cc922c41-2cf3-4285-9f91-50ab0b191b6c,FV
1,soldToParty,*,ZWMS,*,*,M,,,,,cc922c41-2cf3-4285-9f91-50ab0b191b6c,FV
1,billToParty,*,ZWMS,*,*,M,,,,,cc922c41-2cf3-4285-9f91-50ab0b191b6c,FV
1,workOrderWN,*,ZWMS,*,*,M,,,,,cc922c41-2cf3-4285-9f91-50ab0b191b6c,FV
1,salesOffice,*,ZWMS,*,*,M,,,,,cc922c41-2cf3-4285-9f91-50ab0b191b6c,FV
1,salesDocumentType,*,ZWMS,*,*,M,,,,,cc922c41-2cf3-4285-9f91-50ab0b191b6c,FV
1,materialNo,*,ZWMS,*,*,M,,,,,cc922c41-2cf3-4285-9f91-50ab0b191b6c,FV
1,remitToVendor,*,ZWMS,*,*,M,,,,,cc922c41-2cf3-4285-9f91-50ab0b191b6c,FV
1,currency,*,ZWMS,*,*,M,,,,,cc922c41-2cf3-4285-9f91-50ab0b191b6c,FV
1,fedTax,*,ZWMS,*,*,B,,,,,cc922c41-2cf3-4285-9f91-50ab0b191b6c,FV
1,salesDocItem,*,ZWMS,*,*,B,,,,,cc922c41-2cf3-4285-9f91-50ab0b191b6c,FV
1,lineItemRate,*,ZWMS,*,*,B,,,,,cc922c41-2cf3-4285-9f91-50ab0b191b6c,FV
1,itemQuantity,*,ZWMS,*,*,B,,,,,cc922c41-2cf3-4285-9f91-50ab0b191b6c,FV
1,baseUnit,*,ZWMS,*,*,B,,,,,cc922c41-2cf3-4285-9f91-50ab0b191b6c,FV
1,poDesc,*,ZWMS,*,*,B,,,,,cc922c41-2cf3-4285-9f91-50ab0b191b6c,FV
1,lineItemDesc,*,ZWMS,*,*,B,,,,,cc922c41-2cf3-4285-9f91-50ab0b191b6c,FV
1,endDate,*,ZWMS,*,*,M,,,,,cc922c41-2cf3-4285-9f91-50ab0b191b6c,FV
1,beginDate,*,ZWMS,*,*,M,,,,,cc922c41-2cf3-4285-9f91-50ab0b191b6c,FV
1,ssn,*,ZWMS,*,*,M,,,,,cc922c41-2cf3-4285-9f91-50ab0b191b6c,FV
1,fundIndicator,*,ZWMS,*,*,B,,,,,cc922c41-2cf3-4285-9f91-50ab0b191b6c,FV
1,custPurOrderTotal,*,ZWMS,*,*,B,,,,,cc922c41-2cf3-4285-9f91-50ab0b191b6c,FV
1,vendPurOrderTotal,*,ZWMS,*,*,B,,,,,cc922c41-2cf3-4285-9f91-50ab0b191b6c,FV
1,workLocation,*,ZWMS,*,*,M,,,,,cc922c41-2cf3-4285-9f91-50ab0b191b6c,FV
1,doorNo,*,ZWMS,*,*,M,,,,,cc922c41-2cf3-4285-9f91-50ab0b191b6c,FV
1,street,*,ZWMS,*,*,M,,,,,cc922c41-2cf3-4285-9f91-50ab0b191b6c,FV
1,city,*,ZWMS,*,*,M,,,,,cc922c41-2cf3-4285-9f91-50ab0b191b6c,FV
1,region,*,ZWMS,*,*,M,,,,,cc922c41-2cf3-4285-9f91-50ab0b191b6c,FV
1,country,*,ZWMS,*,*,M,,,,,cc922c41-2cf3-4285-9f91-50ab0b191b6c,FV
1,postalCode,*,ZWMS,*,*,M,,,,,cc922c41-2cf3-4285-9f91-50ab0b191b6c,FV
1,shiftCustomerBillRateFirst,*,ZWMS,*,*,M,,,,,cc922c41-2cf3-4285-9f91-50ab0b191b6c,FV
1,shiftCustomerOTBillRateFirst,*,ZWMS,*,*,M,,,,,cc922c41-2cf3-4285-9f91-50ab0b191b6c,FV
1,shiftCustomerDTBillRateFirst,*,ZWMS,*,*,M,,,,,cc922c41-2cf3-4285-9f91-50ab0b191b6c,FV
1,shiftCustomerBillRateSecond,*,ZWMS,*,*,M,,,,,cc922c41-2cf3-4285-9f91-50ab0b191b6c,FV
1,shiftCustomerOTBillRateSecond,*,ZWMS,*,*,M,,,,,cc922c41-2cf3-4285-9f91-50ab0b191b6c,FV
1,shiftCustomerDTBillRateSecond,*,ZWMS,*,*,M,,,,,cc922c41-2cf3-4285-9f91-50ab0b191b6c,FV
1,shiftCustomerBillRateThird,*,ZWMS,*,*,M,,,,,cc922c41-2cf3-4285-9f91-50ab0b191b6c,FV
1,shiftCustomerOTBillRateThird,*,ZWMS,*,*,M,,,,,cc922c41-2cf3-4285-9f91-50ab0b191b6c,FV
1,shiftCustomerDTBillRateThird,*,ZWMS,*,*,M,,,,,cc922c41-2cf3-4285-9f91-50ab0b191b6c,FV
1,actionType,*,ZWMS,*,*,M,,,,,cc922c41-2cf3-4285-9f91-50ab0b191b6c,FV
1,companyCode,*,ZWSC,*,*,M,,,,,cc922c41-2cf3-4285-9f91-50ab0b191b6c,FV
1,contractNo,*,ZWSC,*,*,M,,,,,cc922c41-2cf3-4285-9f91-50ab0b191b6c,FV
1,soldToParty,*,ZWSC,*,*,M,,,,,cc922c41-2cf3-4285-9f91-50ab0b191b6c,FV
1,billToParty,*,ZWSC,*,*,M,,,,,cc922c41-2cf3-4285-9f91-50ab0b191b6c,FV
1,workOrderWN,*,ZWSC,*,*,M,,,,,cc922c41-2cf3-4285-9f91-50ab0b191b6c,FV
1,salesOffice,*,ZWSC,*,*,M,,,,,cc922c41-2cf3-4285-9f91-50ab0b191b6c,FV
1,salesDocumentType,*,ZWSC,*,*,M,,,,,cc922c41-2cf3-4285-9f91-50ab0b191b6c,FV
1,materialNo,*,ZWSC,*,*,M,,,,,cc922c41-2cf3-4285-9f91-50ab0b191b6c,FV
1,remitToVendor,*,ZWSC,*,*,M,,,,,cc922c41-2cf3-4285-9f91-50ab0b191b6c,FV
1,currency,*,ZWSC,*,*,M,,,,,cc922c41-2cf3-4285-9f91-50ab0b191b6c,FV
1,fedTax,*,ZWSC,*,*,M,,,,,cc922c41-2cf3-4285-9f91-50ab0b191b6c,FV
1,salesDocItem,*,ZWSC,*,*,M,,,,,cc922c41-2cf3-4285-9f91-50ab0b191b6c,FV
1,lineItemRate,*,ZWSC,*,*,M,,,,,cc922c41-2cf3-4285-9f91-50ab0b191b6c,FV
1,itemQuantity,*,ZWSC,*,*,M,,,,,cc922c41-2cf3-4285-9f91-50ab0b191b6c,FV
1,baseUnit,*,ZWSC,*,*,M,,,,,cc922c41-2cf3-4285-9f91-50ab0b191b6c,FV
1,poDesc,*,ZWSC,*,*,M,,,,,cc922c41-2cf3-4285-9f91-50ab0b191b6c,FV
1,lineItemDesc,*,ZWSC,*,*,M,,,,,cc922c41-2cf3-4285-9f91-50ab0b191b6c,FV
1,endDate,*,ZWSC,*,*,M,,,,,cc922c41-2cf3-4285-9f91-50ab0b191b6c,FV
1,beginDate,*,ZWSC,*,*,M,,,,,cc922c41-2cf3-4285-9f91-50ab0b191b6c,FV
1,ssn,*,ZWSC,*,*,B,,,,,cc922c41-2cf3-4285-9f91-50ab0b191b6c,FV
1,custPurOrderTotal,*,ZWSC,*,*,M,,,,,cc922c41-2cf3-4285-9f91-50ab0b191b6c,FV
1,vendPurOrderTotal,*,ZWSC,*,*,M,,,,,cc922c41-2cf3-4285-9f91-50ab0b191b6c,FV
1,workLocation,*,ZWSC,*,*,M,,,,,cc922c41-2cf3-4285-9f91-50ab0b191b6c,FV
1,doorNo,*,ZWSC,*,*,M,,,,,cc922c41-2cf3-4285-9f91-50ab0b191b6c,FV
1,street,*,ZWSC,*,*,M,,,,,cc922c41-2cf3-4285-9f91-50ab0b191b6c,FV
1,city,*,ZWSC,*,*,M,,,,,cc922c41-2cf3-4285-9f91-50ab0b191b6c,FV
1,region,*,ZWSC,*,*,M,,,,,cc922c41-2cf3-4285-9f91-50ab0b191b6c,FV
1,country,*,ZWSC,*,*,M,,,,,cc922c41-2cf3-4285-9f91-50ab0b191b6c,FV
1,postalCode,*,ZWSC,*,*,M,,,,,cc922c41-2cf3-4285-9f91-50ab0b191b6c,FV
1,shiftCustomerBillRateFirst,*,ZWSC,*,*,B,,,,,cc922c41-2cf3-4285-9f91-50ab0b191b6c,FV
1,shiftCustomerOTBillRateFirst,*,ZWSC,*,*,B,,,,,cc922c41-2cf3-4285-9f91-50ab0b191b6c,FV
1,shiftCustomerDTBillRateFirst,*,ZWSC,*,*,B,,,,,cc922c41-2cf3-4285-9f91-50ab0b191b6c,FV
1,shiftCustomerBillRateSecond,*,ZWSC,*,*,B,,,,,cc922c41-2cf3-4285-9f91-50ab0b191b6c,FV
1,shiftCustomerOTBillRateSecond,*,ZWSC,*,*,B,,,,,cc922c41-2cf3-4285-9f91-50ab0b191b6c,FV
1,shiftCustomerDTBillRateSecond,*,ZWSC,*,*,B,,,,,cc922c41-2cf3-4285-9f91-50ab0b191b6c,FV
1,shiftCustomerBillRateThird,*,ZWSC,*,*,B,,,,,cc922c41-2cf3-4285-9f91-50ab0b191b6c,FV
1,shiftCustomerOTBillRateThird,*,ZWSC,*,*,B,,,,,cc922c41-2cf3-4285-9f91-50ab0b191b6c,FV
1,shiftCustomerDTBillRateThird,*,ZWSC,*,*,B,,,,,cc922c41-2cf3-4285-9f91-50ab0b191b6c,FV
1,actionType,*,ZWSC,*,*,M,,,,,cc922c41-2cf3-4285-9f91-50ab0b191b6c,FV
1,shiftVendorPayRateFirst,*,ZWSC,*,*,B,,,,,cc922c41-2cf3-4285-9f91-50ab0b191b6c,FV
1,shiftVendorOTPayRateFirst,*,ZWSC,*,*,B,,,,,cc922c41-2cf3-4285-9f91-50ab0b191b6c,FV
1,shiftVendorDTPayRateFirst,*,ZWSC,*,*,B,,,,,cc922c41-2cf3-4285-9f91-50ab0b191b6c,FV
1,shiftVendorPayRateSecond,*,ZWSC,*,*,B,,,,,cc922c41-2cf3-4285-9f91-50ab0b191b6c,FV
1,shiftVendorOTPayRateSecond,*,ZWSC,*,*,B,,,,,cc922c41-2cf3-4285-9f91-50ab0b191b6c,FV
1,shiftVendorDTPayRateSecond,*,ZWSC,*,*,B,,,,,cc922c41-2cf3-4285-9f91-50ab0b191b6c,FV
1,shiftVendorPayRateThird,*,ZWSC,*,*,B,,,,,cc922c41-2cf3-4285-9f91-50ab0b191b6c,FV
1,shiftVendorOTPayRateThird,*,ZWSC,*,*,B,,,,,cc922c41-2cf3-4285-9f91-50ab0b191b6c,FV
1,shiftVendorDTPayRateThird,*,ZWSC,*,*,B,,,,,cc922c41-2cf3-4285-9f91-50ab0b191b6c,FV
3,contractNo,*,ZWCP,*,*,M,,,,,cc922c41-2cf3-4285-9f91-50ab0b191b6c,FV
3,invoiceNoWN,*,ZWCP,*,*,M,,,,,cc922c41-2cf3-4285-9f91-50ab0b191b6c,FV
3,employeeNo,*,ZWCP,*,*,M,,,,,cc922c41-2cf3-4285-9f91-50ab0b191b6c,FV
3,tempusWorkOrder,*,ZWCP,*,*,M,,,,,cc922c41-2cf3-4285-9f91-50ab0b191b6c,FV
3,salesDocumentType,*,ZWCP,*,*,M,,,,,cc922c41-2cf3-4285-9f91-50ab0b191b6c,FV
3,orderNo,*,ZWCP,*,*,M,,,,,cc922c41-2cf3-4285-9f91-50ab0b191b6c,FV
3,weekEndDate,*,ZWCP,*,*,M,,,,,cc922c41-2cf3-4285-9f91-50ab0b191b6c,FV
3,beginDate,*,ZWCP,*,*,M,,,,,cc922c41-2cf3-4285-9f91-50ab0b191b6c,FV
3,contractNo,*,ZWMS,*,*,M,,,,,cc922c41-2cf3-4285-9f91-50ab0b191b6c,FV
3,invoiceNoWN,*,ZWMS,*,*,M,,,,,cc922c41-2cf3-4285-9f91-50ab0b191b6c,FV
3,employeeNo,*,ZWMS,*,*,M,,,,,cc922c41-2cf3-4285-9f91-50ab0b191b6c,FV
3,tempusWorkOrder,*,ZWMS,*,*,M,,,,,cc922c41-2cf3-4285-9f91-50ab0b191b6c,FV
3,salesDocumentType,*,ZWMS,*,*,M,,,,,cc922c41-2cf3-4285-9f91-50ab0b191b6c,FV
3,orderNo,*,ZWMS,*,*,M,,,,,cc922c41-2cf3-4285-9f91-50ab0b191b6c,FV
3,weekEndDate,*,ZWMS,*,*,M,,,,,cc922c41-2cf3-4285-9f91-50ab0b191b6c,FV
3,beginDate,*,ZWMS,*,*,M,,,,,cc922c41-2cf3-4285-9f91-50ab0b191b6c,FV
3,contractNo,*,ZWSC,*,*,M,,,,,cc922c41-2cf3-4285-9f91-50ab0b191b6c,FV
3,invoiceNoWN,*,ZWSC,*,*,M,,,,,cc922c41-2cf3-4285-9f91-50ab0b191b6c,FV
3,employeeNo,*,ZWSC,*,*,M,,,,,cc922c41-2cf3-4285-9f91-50ab0b191b6c,FV
3,tempusWorkOrder,*,ZWSC,*,*,M,,,,,cc922c41-2cf3-4285-9f91-50ab0b191b6c,FV
3,salesDocumentType,*,ZWSC,*,*,M,,,,,cc922c41-2cf3-4285-9f91-50ab0b191b6c,FV
3,orderNo,*,ZWSC,*,*,M,,,,,cc922c41-2cf3-4285-9f91-50ab0b191b6c,FV
3,weekEndDate,*,ZWSC,*,*,M,,,,,cc922c41-2cf3-4285-9f91-50ab0b191b6c,FV
3,beginDate,*,ZWSC,*,*,M,,,,,cc922c41-2cf3-4285-9f91-50ab0b191b6c,FV
C,contractNo,*,*,*,*,M,,,,,cc922c41-2cf3-4285-9f91-50ab0b191b6c,FV
C,employeeNo,*,*,*,*,M,,,,,cc922c41-2cf3-4285-9f91-50ab0b191b6c,FV
C,orderNo,*,*,*,*,M,,,,,cc922c41-2cf3-4285-9f91-50ab0b191b6c,FV
C,weekEndDate,*,*,*,*,M,,,,,cc922c41-2cf3-4285-9f91-50ab0b191b6c,FV
C,beginDate,*,*,*,*,M,,,,,cc922c41-2cf3-4285-9f91-50ab0b191b6c,FV
D,WN Invoice Number,*,*,*,*,M,,,,,cc922c41-2cf3-4285-9f91-50ab0b191b6c,FV
D,WN Work Order,*,*,*,*,M,,,,,cc922c41-2cf3-4285-9f91-50ab0b191b6c,FV
D,WO Type,*,*,*,*,M,,,,,cc922c41-2cf3-4285-9f91-50ab0b191b6c,FV
D,WN Invalidation Inv Number,*,*,*,*,M,,,,,cc922c41-2cf3-4285-9f91-50ab0b191b6c,FV
S,companyCode,*,ZWMS,*,*,M,,,,,cc922c41-2cf3-4285-9f91-50ab0b191b6c,FV
S,contractNo,*,ZWMS,*,*,M,,,,,cc922c41-2cf3-4285-9f91-50ab0b191b6c,FV
S,soldToParty,*,ZWMS,*,*,M,,,,,cc922c41-2cf3-4285-9f91-50ab0b191b6c,FV
S,billToParty,*,ZWMS,*,*,M,,,,,cc922c41-2cf3-4285-9f91-50ab0b191b6c,FV
S,workOrderWN,*,ZWMS,*,*,M,,,,,cc922c41-2cf3-4285-9f91-50ab0b191b6c,FV
S,salesOffice,*,ZWMS,*,*,M,,,,,cc922c41-2cf3-4285-9f91-50ab0b191b6c,FV
S,salesDocumentType,*,ZWMS,*,*,M,,,,,cc922c41-2cf3-4285-9f91-50ab0b191b6c,FV
S,materialNo,*,ZWMS,*,*,M,,,,,cc922c41-2cf3-4285-9f91-50ab0b191b6c,FV
S,remitToVendor,*,ZWMS,*,*,M,,,,,cc922c41-2cf3-4285-9f91-50ab0b191b6c,FV
S,currency,*,ZWMS,*,*,M,,,,,cc922c41-2cf3-4285-9f91-50ab0b191b6c,FV
S,endDate,*,ZWMS,*,*,M,,,,,cc922c41-2cf3-4285-9f91-50ab0b191b6c,FV
S,beginDate,*,ZWMS,*,*,M,,,,,cc922c41-2cf3-4285-9f91-50ab0b191b6c,FV
S,workLocation,*,ZWMS,*,*,M,,,,,cc922c41-2cf3-4285-9f91-50ab0b191b6c,FV
S,doorNo,*,ZWMS,*,*,M,,,,,cc922c41-2cf3-4285-9f91-50ab0b191b6c,FV
S,street,*,ZWMS,*,*,M,,,,,cc922c41-2cf3-4285-9f91-50ab0b191b6c,FV
S,city,*,ZWMS,*,*,M,,,,,cc922c41-2cf3-4285-9f91-50ab0b191b6c,FV
S,region,*,ZWMS,*,*,M,,,,,cc922c41-2cf3-4285-9f91-50ab0b191b6c,FV
S,country,*,ZWMS,*,*,M,,,,,cc922c41-2cf3-4285-9f91-50ab0b191b6c,FV
S,postalCode,*,ZWMS,*,*,M,,,,,cc922c41-2cf3-4285-9f91-50ab0b191b6c,FV
S,shiftCustomerBillRateFirst,*,ZWMS,*,*,M,,,,,cc922c41-2cf3-4285-9f91-50ab0b191b6c,FV
S,shiftCustomerOTBillRateFirst,*,ZWMS,*,*,M,,,,,cc922c41-2cf3-4285-9f91-50ab0b191b6c,FV
S,shiftCustomerDTBillRateFirst,*,ZWMS,*,*,M,,,,,cc922c41-2cf3-4285-9f91-50ab0b191b6c,FV
S,shiftCustomerBillRateSecond,*,ZWMS,*,*,M,,,,,cc922c41-2cf3-4285-9f91-50ab0b191b6c,FV
S,shiftCustomerOTBillRateSecond,*,ZWMS,*,*,M,,,,,cc922c41-2cf3-4285-9f91-50ab0b191b6c,FV
S,shiftCustomerDTBillRateSecond,*,ZWMS,*,*,M,,,,,cc922c41-2cf3-4285-9f91-50ab0b191b6c,FV
S,shiftCustomerBillRateThird,*,ZWMS,*,*,M,,,,,cc922c41-2cf3-4285-9f91-50ab0b191b6c,FV
S,shiftCustomerOTBillRateThird,*,ZWMS,*,*,M,,,,,cc922c41-2cf3-4285-9f91-50ab0b191b6c,FV
S,shiftCustomerDTBillRateThird,*,ZWMS,*,*,M,,,,,cc922c41-2cf3-4285-9f91-50ab0b191b6c,FV
S,actionType,*,ZWMS,*,*,M,,,,,cc922c41-2cf3-4285-9f91-50ab0b191b6c,FV
S,shiftVendorPayRateFirst,*,ZWMS,*,*,M,,,,,cc922c41-2cf3-4285-9f91-50ab0b191b6c,FV
S,shiftVendorOTPayRateFirst,*,ZWMS,*,*,M,,,,,cc922c41-2cf3-4285-9f91-50ab0b191b6c,FV
S,shiftVendorDTPayRateFirst,*,ZWMS,*,*,M,,,,,cc922c41-2cf3-4285-9f91-50ab0b191b6c,FV
S,shiftVendorPayRateSecond,*,ZWMS,*,*,M,,,,,cc922c41-2cf3-4285-9f91-50ab0b191b6c,FV
S,shiftVendorOTPayRateSecond,*,ZWMS,*,*,M,,,,,cc922c41-2cf3-4285-9f91-50ab0b191b6c,FV
S,shiftVendorDTPayRateSecond,*,ZWMS,*,*,M,,,,,cc922c41-2cf3-4285-9f91-50ab0b191b6c,FV
S,shiftVendorPayRateThird,*,ZWMS,*,*,M,,,,,cc922c41-2cf3-4285-9f91-50ab0b191b6c,FV
S,shiftVendorOTPayRateThird,*,ZWMS,*,*,M,,,,,cc922c41-2cf3-4285-9f91-50ab0b191b6c,FV
S,shiftVendorDTPayRateThird,*,ZWMS,*,*,M,,,,,cc922c41-2cf3-4285-9f91-50ab0b191b6c,FV
S,companyCode,*,ZWSC,*,*,M,,,,,cc922c41-2cf3-4285-9f91-50ab0b191b6c,FV
S,contractNo,*,ZWSC,*,*,M,,,,,cc922c41-2cf3-4285-9f91-50ab0b191b6c,FV
S,soldToParty,*,ZWSC,*,*,M,,,,,cc922c41-2cf3-4285-9f91-50ab0b191b6c,FV
S,billToParty,*,ZWSC,*,*,M,,,,,cc922c41-2cf3-4285-9f91-50ab0b191b6c,FV
S,workOrderWN,*,ZWSC,*,*,M,,,,,cc922c41-2cf3-4285-9f91-50ab0b191b6c,FV
S,salesOffice,*,ZWSC,*,*,M,,,,,cc922c41-2cf3-4285-9f91-50ab0b191b6c,FV
S,salesDocumentType,*,ZWSC,*,*,M,,,,,cc922c41-2cf3-4285-9f91-50ab0b191b6c,FV
S,materialNo,*,ZWSC,*,*,M,,,,,cc922c41-2cf3-4285-9f91-50ab0b191b6c,FV
S,remitToVendor,*,ZWSC,*,*,M,,,,,cc922c41-2cf3-4285-9f91-50ab0b191b6c,FV
S,currency,*,ZWSC,*,*,M,,,,,cc922c41-2cf3-4285-9f91-50ab0b191b6c,FV
S,endDate,*,ZWSC,*,*,M,,,,,cc922c41-2cf3-4285-9f91-50ab0b191b6c,FV
S,beginDate,*,ZWSC,*,*,M,,,,,cc922c41-2cf3-4285-9f91-50ab0b191b6c,FV
S,ssn,*,ZWSC,*,*,M,,,,,cc922c41-2cf3-4285-9f91-50ab0b191b6c,FV
S,workLocation,*,ZWSC,*,*,M,,,,,cc922c41-2cf3-4285-9f91-50ab0b191b6c,FV
S,doorNo,*,ZWSC,*,*,M,,,,,cc922c41-2cf3-4285-9f91-50ab0b191b6c,FV
S,street,*,ZWSC,*,*,M,,,,,cc922c41-2cf3-4285-9f91-50ab0b191b6c,FV
S,city,*,ZWSC,*,*,M,,,,,cc922c41-2cf3-4285-9f91-50ab0b191b6c,FV
S,region,*,ZWSC,*,*,M,,,,,cc922c41-2cf3-4285-9f91-50ab0b191b6c,FV
S,country,*,ZWSC,*,*,M,,,,,cc922c41-2cf3-4285-9f91-50ab0b191b6c,FV
S,postalCode,*,ZWSC,*,*,M,,,,,cc922c41-2cf3-4285-9f91-50ab0b191b6c,FV
S,shiftCustomerBillRateFirst,*,ZWSC,*,*,M,,,,,cc922c41-2cf3-4285-9f91-50ab0b191b6c,FV
S,shiftCustomerOTBillRateFirst,*,ZWSC,*,*,M,,,,,cc922c41-2cf3-4285-9f91-50ab0b191b6c,FV
S,shiftCustomerDTBillRateFirst,*,ZWSC,*,*,M,,,,,cc922c41-2cf3-4285-9f91-50ab0b191b6c,FV
S,shiftCustomerBillRateSecond,*,ZWSC,*,*,M,,,,,cc922c41-2cf3-4285-9f91-50ab0b191b6c,FV
S,shiftCustomerOTBillRateSecond,*,ZWSC,*,*,M,,,,,cc922c41-2cf3-4285-9f91-50ab0b191b6c,FV
S,shiftCustomerDTBillRateSecond,*,ZWSC,*,*,M,,,,,cc922c41-2cf3-4285-9f91-50ab0b191b6c,FV
S,shiftCustomerBillRateThird,*,ZWSC,*,*,M,,,,,cc922c41-2cf3-4285-9f91-50ab0b191b6c,FV
S,shiftCustomerOTBillRateThird,*,ZWSC,*,*,M,,,,,cc922c41-2cf3-4285-9f91-50ab0b191b6c,FV
S,shiftCustomerDTBillRateThird,*,ZWSC,*,*,M,,,,,cc922c41-2cf3-4285-9f91-50ab0b191b6c,FV
S,actionType,*,ZWSC,*,*,M,,,,,cc922c41-2cf3-4285-9f91-50ab0b191b6c,FV
S,shiftVendorPayRateFirst,*,ZWSC,*,*,M,,,,,cc922c41-2cf3-4285-9f91-50ab0b191b6c,FV
S,shiftVendorOTPayRateFirst,*,ZWSC,*,*,M,,,,,cc922c41-2cf3-4285-9f91-50ab0b191b6c,FV
S,shiftVendorDTPayRateFirst,*,ZWSC,*,*,M,,,,,cc922c41-2cf3-4285-9f91-50ab0b191b6c,FV
S,shiftVendorPayRateSecond,*,ZWSC,*,*,M,,,,,cc922c41-2cf3-4285-9f91-50ab0b191b6c,FV
S,shiftVendorOTPayRateSecond,*,ZWSC,*,*,M,,,,,cc922c41-2cf3-4285-9f91-50ab0b191b6c,FV
S,shiftVendorDTPayRateSecond,*,ZWSC,*,*,M,,,,,cc922c41-2cf3-4285-9f91-50ab0b191b6c,FV
S,shiftVendorPayRateThird,*,ZWSC,*,*,M,,,,,cc922c41-2cf3-4285-9f91-50ab0b191b6c,FV
S,shiftVendorOTPayRateThird,*,ZWSC,*,*,M,,,,,cc922c41-2cf3-4285-9f91-50ab0b191b6c,FV
S,shiftVendorDTPayRateThird,*,ZWSC,*,*,M,,,,,cc922c41-2cf3-4285-9f91-50ab0b191b6c,FV
E,companyCode,*,*,*,*,M,,,,,cc922c41-2cf3-4285-9f91-50ab0b191b6c,FV
E,contractNo,*,*,*,*,M,,,,,cc922c41-2cf3-4285-9f91-50ab0b191b6c,FV
E,soldToParty,*,*,*,*,M,,,,,cc922c41-2cf3-4285-9f91-50ab0b191b6c,FV
E,billToParty,*,*,*,*,M,,,,,cc922c41-2cf3-4285-9f91-50ab0b191b6c,FV
E,workOrderWN,*,*,*,*,M,,,,,cc922c41-2cf3-4285-9f91-50ab0b191b6c,FV
E,salesOffice,*,*,*,*,M,,,,,cc922c41-2cf3-4285-9f91-50ab0b191b6c,FV
E,custPurOrder,*,*,*,*,M,,,,,cc922c41-2cf3-4285-9f91-50ab0b191b6c,FV
E,beginDate,*,*,*,*,M,,,,,cc922c41-2cf3-4285-9f91-50ab0b191b6c,FV
E,endDate,*,*,*,*,M,,,,,cc922c41-2cf3-4285-9f91-50ab0b191b6c,FV
E,currency,*,*,*,*,M,,,,,cc922c41-2cf3-4285-9f91-50ab0b191b6c,FV
E,materialNo,*,*,*,*,M,,,,,cc922c41-2cf3-4285-9f91-50ab0b191b6c,FV
E,workLocation,*,*,*,*,M,,,,,cc922c41-2cf3-4285-9f91-50ab0b191b6c,FV
E,doorNo,*,*,*,*,M,,,,,cc922c41-2cf3-4285-9f91-50ab0b191b6c,FV
E,street,*,*,*,*,M,,,,,cc922c41-2cf3-4285-9f91-50ab0b191b6c,FV
E,city,*,*,*,*,M,,,,,cc922c41-2cf3-4285-9f91-50ab0b191b6c,FV
E,region,*,*,*,*,M,,,,,cc922c41-2cf3-4285-9f91-50ab0b191b6c,FV
E,country,*,*,*,*,M,,,,,cc922c41-2cf3-4285-9f91-50ab0b191b6c,FV
E,postalCode,*,*,*,*,M,,,,,cc922c41-2cf3-4285-9f91-50ab0b191b6c,FV
E,poDesc,*,*,*,*,M,,,,,cc922c41-2cf3-4285-9f91-50ab0b191b6c,FV
E,remitToVendor,*,*,*,*,M,,,,,cc922c41-2cf3-4285-9f91-50ab0b191b6c,FV
F,contractNo,*,*,*,*,M,,,,,cc922c41-2cf3-4285-9f91-50ab0b191b6c,FV
F,wnInvoiceNo,*,*,*,*,M,,,,,cc922c41-2cf3-4285-9f91-50ab0b191b6c,FV
F,internalOrder,*,*,*,*,M,,,,,cc922c41-2cf3-4285-9f91-50ab0b191b6c,FV
F,wnWorkOrder,*,*,*,*,M,,,,,cc922c41-2cf3-4285-9f91-50ab0b191b6c,FV
F,endDate,*,*,*,*,M,,,,,cc922c41-2cf3-4285-9f91-50ab0b191b6c,FV
F,MaterialNo,*,*,*,*,M,,,,,cc922c41-2cf3-4285-9f91-50ab0b191b6c,FV
F,MaterialDesc,*,*,*,*,M,,,,,cc922c41-2cf3-4285-9f91-50ab0b191b6c,FV
F,itemQuantity,*,*,*,*,M,,,,,cc922c41-2cf3-4285-9f91-50ab0b191b6c,FV
F,purchasingUOM,*,*,*,*,M,,,,,cc922c41-2cf3-4285-9f91-50ab0b191b6c,FV
F,custLineItemUOM,*,*,*,*,M,,,,,cc922c41-2cf3-4285-9f91-50ab0b191b6c,FV
F,customerBillRate,*,*,*,*,M,,,,,cc922c41-2cf3-4285-9f91-50ab0b191b6c,FV
F,customerTotal,*,*,*,*,M,,,,,cc922c41-2cf3-4285-9f91-50ab0b191b6c,FV
F,wnVendorTaxAmount,*,*,*,*,M,,,,,cc922c41-2cf3-4285-9f91-50ab0b191b6c,FV
F,custPurchaseOrder,*,*,*,*,M,,,,,cc922c41-2cf3-4285-9f91-50ab0b191b6c,FV
F,custPoLineItemNo,*,*,*,*,M,,,,,cc922c41-2cf3-4285-9f91-50ab0b191b6c,FV
F,vendorPayRate,*,*,*,*,M,,,,,cc922c41-2cf3-4285-9f91-50ab0b191b6c,FV
F,vendorTotal,*,*,*,*,M,,,,,cc922c41-2cf3-4285-9f91-50ab0b191b6c,FV
F,contractNo,CA,*,*,*,M,,,,,cc922c41-2cf3-4285-9f91-50ab0b191b6c,FV
F,wnInvoiceNo,CA,*,*,*,M,,,,,cc922c41-2cf3-4285-9f91-50ab0b191b6c,FV
F,internalOrder,CA,*,*,*,M,,,,,cc922c41-2cf3-4285-9f91-50ab0b191b6c,FV
F,wnWorkOrder,CA,*,*,*,M,,,,,cc922c41-2cf3-4285-9f91-50ab0b191b6c,FV
F,endDate,CA,*,*,*,M,,,,,cc922c41-2cf3-4285-9f91-50ab0b191b6c,FV
F,MaterialNo,CA,*,*,*,M,,,,,cc922c41-2cf3-4285-9f91-50ab0b191b6c,FV
F,MaterialDesc,CA,*,*,*,M,,,,,cc922c41-2cf3-4285-9f91-50ab0b191b6c,FV
F,itemQuantity,CA,*,*,*,M,,,,,cc922c41-2cf3-4285-9f91-50ab0b191b6c,FV
F,purchasingUOM,CA,*,*,*,M,,,,,cc922c41-2cf3-4285-9f91-50ab0b191b6c,FV
F,custLineItemUOM,CA,*,*,*,M,,,,,cc922c41-2cf3-4285-9f91-50ab0b191b6c,FV
F,customerBillRate,CA,*,*,*,M,,,,,cc922c41-2cf3-4285-9f91-50ab0b191b6c,FV
F,customerTotal,CA,*,*,*,M,,,,,cc922c41-2cf3-4285-9f91-50ab0b191b6c,FV
F,wnVendorTaxAmount,CA,*,*,*,M,,,,,cc922c41-2cf3-4285-9f91-50ab0b191b6c,FV
F,custPurchaseOrder,CA,*,*,*,M,,,,,cc922c41-2cf3-4285-9f91-50ab0b191b6c,FV
F,custPoLineItemNo,CA,*,*,*,M,,,,,cc922c41-2cf3-4285-9f91-50ab0b191b6c,FV
F,vendorPayRate,CA,*,*,*,M,,,,,cc922c41-2cf3-4285-9f91-50ab0b191b6c,FV
F,vendorTotal,CA,*,*,*,M,,,,,cc922c41-2cf3-4285-9f91-50ab0b191b6c,FV
F,contractNo,UK,*,*,*,M,,,,,cc922c41-2cf3-4285-9f91-50ab0b191b6c,FV
F,wnInvoiceNo,UK,*,*,*,M,,,,,cc922c41-2cf3-4285-9f91-50ab0b191b6c,FV
F,internalOrder,UK,*,*,*,M,,,,,cc922c41-2cf3-4285-9f91-50ab0b191b6c,FV
F,wnWorkOrder,UK,*,*,*,M,,,,,cc922c41-2cf3-4285-9f91-50ab0b191b6c,FV
F,endDate,UK,*,*,*,M,,,,,cc922c41-2cf3-4285-9f91-50ab0b191b6c,FV
F,MaterialNo,UK,*,*,*,M,,,,,cc922c41-2cf3-4285-9f91-50ab0b191b6c,FV
F,MaterialDesc,UK,*,*,*,M,,,,,cc922c41-2cf3-4285-9f91-50ab0b191b6c,FV
F,itemQuantity,UK,*,*,*,M,,,,,cc922c41-2cf3-4285-9f91-50ab0b191b6c,FV
F,purchasingUOM,UK,*,*,*,M,,,,,cc922c41-2cf3-4285-9f91-50ab0b191b6c,FV
F,custLineItemUOM,UK,*,*,*,M,,,,,cc922c41-2cf3-4285-9f91-50ab0b191b6c,FV
F,customerBillRate,UK,*,*,*,M,,,,,cc922c41-2cf3-4285-9f91-50ab0b191b6c,FV
F,customerTotal,UK,*,*,*,M,,,,,cc922c41-2cf3-4285-9f91-50ab0b191b6c,FV
F,wnVendorTaxAmount,UK,*,*,*,M,,,,,cc922c41-2cf3-4285-9f91-50ab0b191b6c,FV
F,custPurchaseOrder,UK,*,*,*,M,,,,,cc922c41-2cf3-4285-9f91-50ab0b191b6c,FV
F,custPoLineItemNo,UK,*,*,*,M,,,,,cc922c41-2cf3-4285-9f91-50ab0b191b6c,FV
F,vendorPayRate,UK,*,*,*,M,,,,,cc922c41-2cf3-4285-9f91-50ab0b191b6c,FV
F,vendorTotal,UK,*,*,*,M,,,,,cc922c41-2cf3-4285-9f91-50ab0b191b6c,FV
F,contractNo,US,*,*,*,M,,,,,cc922c41-2cf3-4285-9f91-50ab0b191b6c,FV
F,wnInvoiceNo,US,*,*,*,M,,,,,cc922c41-2cf3-4285-9f91-50ab0b191b6c,FV
F,internalOrder,US,*,*,*,M,,,,,cc922c41-2cf3-4285-9f91-50ab0b191b6c,FV
F,wnWorkOrder,US,*,*,*,M,,,,,cc922c41-2cf3-4285-9f91-50ab0b191b6c,FV
F,endDate,US,*,*,*,M,,,,,cc922c41-2cf3-4285-9f91-50ab0b191b6c,FV
F,MaterialNo,US,*,*,*,M,,,,,cc922c41-2cf3-4285-9f91-50ab0b191b6c,FV
F,MaterialDesc,US,*,*,*,M,,,,,cc922c41-2cf3-4285-9f91-50ab0b191b6c,FV
F,itemQuantity,US,*,*,*,M,,,,,cc922c41-2cf3-4285-9f91-50ab0b191b6c,FV
F,purchasingUOM,US,*,*,*,M,,,,,cc922c41-2cf3-4285-9f91-50ab0b191b6c,FV
F,custLineItemUOM,US,*,*,*,M,,,,,cc922c41-2cf3-4285-9f91-50ab0b191b6c,FV
F,customerBillRate,US,*,*,*,M,,,,,cc922c41-2cf3-4285-9f91-50ab0b191b6c,FV
F,customerTotal,US,*,*,*,M,,,,,cc922c41-2cf3-4285-9f91-50ab0b191b6c,FV
F,wnVendorTaxAmount,US,*,*,*,M,,,,,cc922c41-2cf3-4285-9f91-50ab0b191b6c,FV
F,custPurchaseOrder,US,*,*,*,M,,,,,cc922c41-2cf3-4285-9f91-50ab0b191b6c,FV
F,custPoLineItemNo,US,*,*,*,M,,,,,cc922c41-2cf3-4285-9f91-50ab0b191b6c,FV
F,vendorPayRate,US,*,*,*,M,,,,,cc922c41-2cf3-4285-9f91-50ab0b191b6c,FV
F,vendorTotal,US,*,*,*,M,,,,,cc922c41-2cf3-4285-9f91-50ab0b191b6c,FV